country_code,country_name,data_year,gdp_usd,gdp_per_capita_usd,population,life_expectancy,infant_mortality_per_1k,co2_per_capita_tons,literacy_rate_pct,internet_users_pct,unemployment_pct,inflation_cpi_pct,forest_area_pct,renewable_energy_pct,gini_index,electricity_access_pct,health_expenditure_per_capita_usd
AFG,Afghanistan,2025,17152234636.8715,413.757894705303,42647492,66.035,50.4,,37.2700004577637,17.7089,13.351,-6.60118564073726,1.85278199408184,20,,85.3,59.06770706
ALB,Albania,2025,27046429296.6673,11377.7757431099,2377128,79.602,8.3,,97.6800003051758,83.1356,10.926,2.21587375089999,28.7919708029197,41.9,29.4,100,590.62799072
DZA,Algeria,2025,269322281664.773,5752.99076651465,46814308,76.261,19.7,,75.1399993896484,76.9081,11.633,4.04611455313434,0.830314224054683,0.1,27.6,100,233.37947083
ASM,American Samoa,2024,871000000,18017.4589383973,46765,72.852,,,97.3399963378906,0,,,85.2,0.4,,,
AND,Andorra,2024,4039842405.48117,49303.6491674336,81938,84.041,2.5,,,95.4456,,,34.0425531914894,18.7,,100,3605.19799805
AGO,Angola,2025,100998916781.079,2665.87444776753,37885849,64.617,38.3,,66.2399978637695,44.7581,14.108,28.2404948915772,52.0912696719339,52.9,51.3,51.1,76.07118225
ATG,Antigua and Barbuda,2024,2207622874.07407,23542.4526945578,93772,77.598,7.3,,98.9499969482422,77.5756,,6.19886698842116,18.0134090909091,0.9,,100,841.24884033
ARG,Argentina,2025,638365455340.04,13969.7836603737,45696159,77.395,8.2,,99.1399993896484,89.6672,7.145,219.883929014578,10.3212951412107,9.2,42.4,100,1456.98596191
ARM,Armenia,2025,25955275380.0321,8556.21406956719,3033500,77.4658536585366,8.9,,99.8399963378906,79.9966,12.871,0.269511978259125,11.6183158247114,9.1,27.2,100,766.95874023
ABW,Aruba,2024,4265650673.00236,39498.5941293797,107995,76.353,,,96.8199996948242,97.17,,4.25746204335428,2.33333333333333,8.8,,100,
AUS,Australia,2025,1757022451652.83,64603.9856308464,27196812,83.0512195121951,3.1,,,97.0631,4.09,3.1616142830575,17.4213145571644,12.3,33.8,100,6980.38525391
AUT,Austria,2025,534790720466.822,58268.8787651601,9177982,81.5414634146342,2.6,,,94.9197,5.582,2.93791574279383,47.2402653902084,36,31.2,100,6739.30908203
AZE,Azerbaijan,2025,74315882352.9412,7283.8499076179,10202830,74.429,13.3,,99.7799987792969,89,5.457,2.21217188919901,14.1119540229885,1.3,26.6,100,299.81060791
BHS,"Bahamas, The",2025,15832800000,39455.4466548546,401283,74.552,11.4,,,94.8186,9.207,0.409162489083286,50.9350649350649,1.1,,100,2262.33447266
BHR,Bahrain,2025,47109734308.5106,29653.5682731534,1588670,81.284,7.2,,97.8199996948242,100,1.102,0.919635459817651,0.95,0,,100,1175.81628418
BGD,Bangladesh,2025,450119432068.852,2593.41611680774,173562364,74.672,24.4,,79,44.5027,3.778,10.4657482763412,14.4899215263887,25,30.9,99.5,53.46432495
BRB,Barbados,2025,7498050000,26544.8707282621,282467,76.178,9.3,,99.2699966430664,79.9923,6.524,-0.440112940205204,14.6511627906977,5.5,34.1,100,1286.47680664
BLR,Belarus,2025,75961865471.9129,8317.63399913792,9132629,74.1837804878049,1.9,,99.870002746582,94.2618,3.38,5.78531910427999,43.4080686559958,8.2,24.4,100,558.22644043
BEL,Belgium,2025,671370081636.406,56614.5679499036,11858610,82.3975609756098,3,,,95.7758,5.906,3.14349136500041,22.604446776415,11.7,26.8,100,5931.01464844
BLZ,Belize,2025,3203631800,7681.24400583113,417072,73.566,10.8,,87.879997253418,72.3595,8.856,3.28955985952768,54.5186321788689,30.8,39.9,99.6,309.40835571
BEN,Benin,2025,21482643706.4249,1485.38018885134,14462724,60.774,46.4,,51.3800010681152,32.2083,1.589,1.16093089640415,26.4734835047889,54.5,34.4,57,46.52822113
BMU,Bermuda,2024,9233600000,142855.374713782,64636,82.309,,,,98.37,,,18.5185185185185,0.9,,100,
BTN,Bhutan,2025,3012896789.24928,3831.32535494609,791524,72.975,18.5,,64.9100036621094,88.426,3.227,2.76131569624098,71.60513896172,82.5,28.5,100,162.19680786
BOL,Bolivia,2025,54881327452.9667,4421.16609889999,12413315,68.581,20,,95.5500030517578,70.2368,2.967,5.09976568317427,46.3457431920982,12.8,42.1,99.8,255.04104614
BIH,Bosnia and Herzegovina,2025,29613572022.8993,9358.78768951134,3164253,77.85,5.3,,96.9899978637695,86.1009,11.037,1.69212733599724,42.7326171875,36.6,33,100,772.88568115
BWA,Botswana,2025,19402063512.9066,7695.75319445165,2521139,69.163,38.2,,81.1900024414062,81.36,24.477,2.81835131676251,26.2908263194114,27.4,54.9,76,489.59677124
BRA,Brazil,2025,2185821648943.86,10310.5488778166,211998573,75.848,12.5,,94.8005123042056,84.4635,5.97,4.36746407652337,58.9818729765235,46.5,51.6,99.8,1009.83563232
VGB,British Virgin Islands,2024,,,39471,77.276,11.6,,,77.7043,,,24.1333333333333,1.3,,100,
BRN,Brunei Darussalam,2025,15340808592.48,33153.4738913513,462721,75.327,8.2,,96.0899963378906,99.0336,5.277,-0.388674165036461,72.1062618595825,0,,100,733.00543213
BGR,Bulgaria,2025,113343355779.985,17596.0173663521,6441421,75.7073170731707,5,,98.3499984741211,82.439,3.536,2.44651943006079,36.2196020633751,20.4,39.5,100,1257.87597656
BFA,Burkina Faso,2025,23124729853.0218,981.992649769081,23548781,61.092,44.8,,41.442033530681,17.0226,3.477,4.19081721344523,22.172514619883,71.4,37.4,21.7,71.73455048
BDI,Burundi,2025,3082433067.32634,219.424830882698,14047786,63.651,31.5,,71.4078166079164,11.0784,0.922,20.2124925027847,10.8894080996885,83,37.5,11.6,28.14028931
CPV,Cabo Verde,2025,2725414150.72735,5192.48157325878,524877,76.059,11,,88.4700012207031,73.539,11.939,1.04817001091965,11.5682382133995,21.8,42.4,98.6,290.12619019
KHM,Cambodia,2025,46352647037.2406,2627.87969756224,17638801,70.668,20.3,,71.9300003051758,60.7171,0.263,0.808042016536654,43.0619759800589,52.4,,95,114.56295776
CMR,Cameroon,2025,53296694320.2057,1830.00833684727,29123744,63.7,41.2,,72.5500030517578,41.9088,3.602,4.53331349711606,42.6741130925938,79.2,42.2,72,79.09996796
CAN,Canada,2025,2243636826633.76,54340.3477224733,41288599,81.6465853658537,4.4,,,93.9564,6.907,2.38158383281173,39.4617117321106,23.8,31.1,100,6377.96875
CYM,Cayman Islands,2024,7241244269.45972,99143.5180243123,74457,80.358,,,98.870002746582,81.0677,,-0.62525835861814,52.4720833333333,0,,100,
CAF,Central African Republic,2025,2751494281.06887,516.160999996036,5330690,57.408,60.4,,42.439998626709,7.50916,6.251,1.47733600718744,35.6560403223217,90.9,43,17.6,53.81136703
TCD,Chad,2025,19518819751.283,961.55975562506,20299123,55.069,58.7,,30.6299991607666,13.1832,1.057,8.89950732263754,3.16103105146125,70,37.4,12,47.43893051
CHI,Channel Islands,2025,12507320838.3932,74585.5224096294,168126,81.1,,,,,6.169,,5.15151515151515,,,100,
CHL,Chile,2025,330267137371.592,16709.8893972307,19764771,81.167,6.2,,96.4000015258789,94.4574,8.974,4.29763891572524,25.0116461113584,24.2,43,100,1759.70605469
CHN,China,2025,18743803170827.2,13303.1481543868,1408975000,77.953,4.5,,96.7399978637695,92,4.615,0.218128938439177,24.0319389958256,15.2,36,100,763.37762451
COL,Colombia,2025,418818154879.271,7919.20886825345,52886363,77.725,10.9,,95.3399963378906,77.3369,8.29,6.60908593728228,52.7661596214511,29.7,53.9,98.7,644.30908203
COM,Comoros,2025,1440991455.45188,1662.75663312504,866628,66.777,35.7,,75.8250571350015,35.6678,3.819,5.05192609588218,16.9801182160129,39.3,45.3,89.8,102.23101807
COD,"Congo, Dem. Rep.",2025,70962185790.7094,649.383338556725,109276265,61.895,44.5,,65.6914486099044,30.548,4.434,2.88585107289988,54.1898572594341,96.3,44.7,22.1,23.43148804
COG,"Congo, Rep.",2025,15719986076.6464,2482.2489948456,6332961,65.772,27.6,,76.1100006103516,38.3791,19.876,3.09143630919166,64.1317715959004,71.4,48.9,51.3,75.55332184
CRI,Costa Rica,2025,95350423176.5962,18587.1532203482,5129910,80.799,9.2,,97.4100036621094,85.3951,6.843,-0.412853001047069,60.3991382687035,34.2,45.8,100,1163.30224609
CIV,Cote d'Ivoire,2025,87113179149.284,2727.8935220697,31934230,61.944,46.6,,50,40.6528,2.323,3.45053028131019,7.85551603773585,58.2,35.3,72.4,87.68105316
HRV,Croatia,2025,92983810328.9088,24050.4397933135,3866200,78.4731707317073,3.9,,98.1500015258789,83.6324,5.002,2.97200477643618,34.785739814153,34.1,30.1,100,1548.33959961
CUB,Cuba,2025,107352000000,9605.27914559614,10979783,78.085,6.6,,97.6500015258789,71.275,1.746,,31.233140655106,20.9,,100,1199.35327148
CUW,Curacao,2024,3561178196.20713,22832.8953958667,155967,76.8,,,,68.1272,,2.62220783425059,0.157657657657658,2.8,,100,
CYP,Cyprus,2025,37634533331.8902,38674.29296875,1358282,81.648,2.9,,98.6800003051758,91.2211,4.924,1.80023018624815,18.6655844155844,15.6,31.8,100,2899.36499023
CZE,Czechia,2025,347034062928.479,31823.3078290564,10905028,79.8780487804878,2.1,,,87.6878,2.825,2.43531202435314,34.7623883740408,17.2,25.7,100,2692.76416016
DNK,Denmark,2025,424524722037.047,71026.4832271897,5976992,81.8536585365854,3,,,99.7692,5.529,1.37220049768918,15.7815,39.5,29.9,100,6745.06152344
DJI,Djibouti,2025,4152145939.98458,3552.72335079222,1168722,65.987,44.4,,,65.0248,26.015,2.07655387954199,0.260724762726488,26.9,41.6,65.2,77.57087708
DMA,Dominica,2024,688881481.481481,10405.2787777582,66205,71.132,33.1,,,83.8255,,2.56921890367726,63.8266666666667,8.9,,100,492.4524231
DOM,Dominican Republic,2025,124282245638.568,10875.6618443092,11427557,73.72,28.4,,94.0299987792969,91.0022,5.092,3.30223338951227,44.9887775472934,14.8,39,99.6,488.8727417
ECU,Ecuador,2025,124676074700,6874.705739766,18135478,77.392,11.1,,96.2600021362305,77.1727,3.308,1.54732515615369,49.5450958286359,18.9,45.2,98.7,509.49414063
EGY,"Egypt, Arab Rep.",2025,389059911003.566,3338.47371395895,116538258,71.633,16.1,,79.4565788949049,72.6899,6.781,28.2705899322083,0.0451855944547692,6.1,28.5,100,141.41111755
SLV,El Salvador,2025,35364960000,5579.65969165029,6338193,72.099,9.2,,89.7699966430664,67.6558,3.303,0.853782292567288,27.5279922779923,21.9,39.8,98.3,500.69497681
GNQ,Equatorial Guinea,2025,12765777677.0622,6745.40013244916,1892516,63.707,49.1,,88.3099975585938,60.3661,8.337,2.92140227309103,86.3935828877005,4.2,38.5,66.9,233.68379211
ERI,Eritrea,2025,2065001626.01626,688.68165957684,3535603,68.624,25.5,,64.6600036621094,20.0104,5.978,,8.63010013352237,80.7,,54.4,28.29782677
EST,Estonia,2025,43130419829.35,31428.3547816104,1372341,78.490243902439,1.6,,99.8899993896484,92.238,8.313,3.52056053296586,57.0652937046572,38,30.7,100,2437.83764648
SWZ,Eswatini,2025,4858885840.77236,3909.55892378182,1242822,64.123,43.5,,90.75,57.62,34.202,2.59801620311077,29.1389534883721,64.7,54.6,86.4,296.04562378
ETH,Ethiopia,2025,149740297952.986,1133.88279681719,132059767,67.315,35.7,,60.4599990844727,16.6981,3.323,21.0377460577711,14.9308975782695,90.6,31.1,55.4,34.79846954
FRO,Faroe Islands,2024,4052937169.76536,74119.6607553879,54681,83.1439024390244,,,,97.582,,,0.0583941605839416,7.9,,100,
FJI,Fiji,2025,5968125909.27126,6425.74151715712,928784,67.316,23.8,,,79.3485,5.347,4.51138256524155,63.4953475643131,28.4,30.7,99.3,212.88697815
FIN,Finland,2025,298696961297.656,53149.7671934051,5619911,81.6853658536585,1.8,,,93.5139,9.461,1.56568906231616,73.7235162521384,50.2,27.4,100,5515.40478516
FRA,France,2025,3160442622465.08,46103.0840855884,68551653,82.9292682926829,3.4,,,88.6538,7.542,1.99904942291463,32.4764820484275,16.2,31.8,100,5327.43359375
PYF,French Polynesia,2025,6323716355.05009,22439.8838746025,281807,84.07,,,,72.7039,11.662,,43.0596369922213,7,,100,
GAB,Gabon,2025,20895684425.6752,8230.04311451151,2538952,68.337,26.5,,88.8600006103516,71.9256,20.154,1.17311998381218,91.1823650405558,91.3,38,94.1,252.98246765
GMB,"Gambia, The",2025,2404888749.21907,871.340291776294,2759988,65.86,33.8,,51.6399993896484,45.9137,6.521,11.5610532897511,22.2792391304348,47.7,38.8,66.9,25.74407768
GEO,Georgia,2025,34189423544.9955,9241.49122313713,3699557,74.496,8,,99.6800003051758,81.8843,12.097,1.10971758022096,40.6159159591308,25.2,33.9,100,554.3248291
DEU,Germany,2025,4685592577804.69,56103.7323182554,83516593,80.5414634146342,3.1,,,93.5,3.711,2.2564981433876,32.6789342643734,17.6,32.4,100,6849.26367188
GHA,Ghana,2025,82308110386.4641,2390.77237652715,34427414,65.498,28.2,,76.4899978637695,69.9445,2.979,22.8483281157842,35.1921958573042,39,43.5,89.5,70.25730896
GIB,Gibraltar,2024,,,39329,83.553,,,,94.4445,,,0,0,,100,
GRC,Greece,2025,256238371778.118,24626.1481858973,10405134,81.5365853658537,3.2,,93.9100036621094,86.2697,8.54,2.74149045788606,30.2699767261443,21.5,33.4,100,1962.59594727
GRL,Greenland,2024,3326543974.39193,58498.9707973609,56836,71.549756097561,,,,69.4825,,,0.000535997076379583,11.7,,100,
GRD,Grenada,2024,1371918518.51852,11705.0902976658,117207,75.205,16.7,,97.7900009155273,74.1201,,1.08615365134737,52.0588235294118,10,43.8,94.4,526.3918457
GUM,Guam,2025,6910000000,41833.1517132825,167777,77.209,,,99.370002746582,80.5055,5.569,,51.8518518518518,6.7,,100,
GTM,Guatemala,2025,113199581158.203,6150.02571438505,18406359,72.602,17.9,,82.1100006103516,56.0535,2.604,2.86992752918294,32.5961179544606,62.1,45.2,100,392.01223755
GIN,Guinea,2025,25008678293.4084,1694.95375862193,14754785,60.74,61.5,,39.6199989318848,26.5014,5.163,8.12313914948596,24.6988442129253,66.6,29.6,51.1,59.33010101
GNB,Guinea-Bissau,2025,2218393804.54798,1007.74151728028,2201352,64.085,43.1,,63.9300003051758,32.4661,2.673,3.76555825770114,69.5124466571835,87.4,33.4,40.5,82.13543701
GUY,Guyana,2025,24662709832.1343,29675.2443873316,831087,70.18,23.8,,85.6399993896484,81.7221,11.962,2.90395226446373,87.0878369802027,12.1,45.1,98.9,505.03240967
HTI,Haiti,2025,25224154990.7946,2142.62330526788,11772557,64.936,40.3,,68.0100021362305,39.262,14.944,26.9490564091987,12.2630624092888,76.7,41.1,51.3,54.4146843
HND,Honduras,2025,37093565854.0437,3426.43483328923,10825703,72.884,13.3,,88.25,58.2789,4.92,4.60621098127107,56.2732147645008,45.9,45.7,95.6,249.15301514
HKG,"Hong Kong SAR, China",2025,406863396487.342,54074.6928519479,7524100,85.2473170731707,,,,95.9778,2.799,1.72972119105914,,0.4,,100,
HUN,Hungary,2025,222722738925.641,23292.3263882478,9562065,76.7707317073171,3.2,,98.8600006103516,93.779,4.521,3.70370370370369,22.4484341442034,15.3,30.6,100,1419.87475586
ISL,Iceland,2025,33255181468.9382,86040.5309851288,386506,82.6073170731707,1.9,,,99.8301,3.625,5.85683849970066,0.528744421303184,82.4,26.8,100,7641.57373047
IND,India,2025,3909891533858.08,2694.73780859961,1450935791,72.003,24.5,,81.6999969482422,70,4.219,4.95303550973656,24.5390304689576,34.9,25.5,99.5,84.68669891
IDN,Indonesia,2025,1396300098190.97,4925.43048751861,283487931,71.146,17,,96,72.7808,3.237,2.18151273615189,47.7220336902463,20.2,34.9,99.4,131.77729797
IRN,"Iran, Islamic Rep.",2025,475252089215.416,5190.16959024821,91567738,77.654,10.7,,88.9233339833467,79.6309,8.301,32.455871402917,6.64923611710324,0.9,35.9,100,267.059021
IRQ,Iraq,2025,279641257615.385,6073.61032342708,46042015,72.324,20.8,,84.0588635813164,81.7291,15.485,-12.2969837587007,1.90035242899592,1.1,29.8,100,333.29360962
IRL,Ireland,2025,609157459747.205,112894.953240805,5395790,82.8609756097561,3.4,,,96.4974,4.632,2.11344999577317,11.5259108724053,12.7,29,100,7394.85009766
IMN,Isle of Man,2024,7431257410.92713,88328.548125887,84160,80.999,,,,,,,6.07017543859649,2.7,,100,
ISR,Israel,2025,540379921261.681,54176.6844383302,9974400,83.1951219512195,2.7,,91.75,88.1824,3.489,3.07480889805025,6.46950092421442,6.2,37.9,100,3927.69873047
ITA,Italy,2025,2380825077243.59,40385.3413957669,58952704,83.7,2.3,,99.3499984741211,89.2207,6.391,0.982373023061417,32.8944947923712,17.5,34.3,100,3397.68798828
JAM,Jamaica,2025,22014397089.7689,7753.8006955432,2839175,71.479,18.3,,79.9199981689453,89.473,3.286,5.41194447981659,56.190757156048,10.5,39.9,97.7,520.15704346
JPN,Japan,2025,4027597523550.58,32487.0778047567,123975371,84.0412195121951,1.8,,,86.9815,2.451,2.73853681635241,68.3957811364628,8.8,32.3,100,3638.19287109
JOR,Jordan,2025,53352289577.4648,4618.09592498567,11552876,77.814,12.2,,94.8499984741211,92.5344,16.535,1.55659611283953,1.09804716534901,11.5,33.7,100,342.10394287
KAZ,Kazakhstan,2025,291480274648.826,14154.6324958076,20592571,74.402,7.6,,99.7300033569336,93.3917,4.771,8.83943897452672,1.31214516427751,2,29.2,100,489.71456909
KEN,Kenya,2025,120339557905.932,2132.43452097647,56432944,63.646,34.7,,82.2300033569336,34.9762,5.449,4.48978854243448,6.21662477880402,67.7,37.7,76.2,84.958992
KIR,Kiribati,2024,307862564.489711,2288.63471423684,134518,66.473,39.7,,98.6322966077083,88,,2.45545072159028,1.45679012345679,41.9,27.8,95.9,238.12675476
PRK,"Korea, Dem. People's Rep.",2025,,,26498823,73.642,14.5,,100,0,3.545,,49.5507017689561,14.7,,57.5,
KOR,"Korea, Rep.",2025,1875388209406.8,36238.639908315,51751065,83.4292682926829,2.3,,97.9700012207031,97.8956,2.683,2.32174328643542,64.108606557377,3.6,32.9,100,3136.78564453
XKX,Kosovo,2024,11197246322.588,7023.06598512878,1594353,78.033,8.3,,,89.443,,1.61944994559476,,,38.3,100,
KWT,Kuwait,2025,160227273053.334,32717.7186631255,4897263,83.1878048780488,7.6,,96.4599990844727,99.7473,2.181,2.89855072463762,0.350729517396184,0.1,,100,1679.12353516
KGZ,Kyrgyz Republic,2025,17478259659.2625,2420.18542283831,7221868,72.2487804878049,14.9,,99.2399978637695,88.4701,3.526,10.7532770416742,7.14337851929093,27.6,27.2,100,96.65081787
LAO,Lao PDR,2025,16502933121.3379,2123.97909415109,7769819,68.964,35.2,,75.6399993896484,63.6255,1.187,23.1305695942588,71.4558058925477,49.2,38.8,96.5,27.41773605
LVA,Latvia,2025,43684254432.3609,23409.0845154775,1866124,75.6780487804878,2.5,,99.9000015258789,92.7076,6.568,1.26579885828729,54.9959826450265,44,34,100,1645.4152832
LBN,Lebanon,2024,20078620356.9931,3477.72489842684,5805962,77.817,16,,92.0144800114203,83.4933,10.985,45.2430422716718,14.1867057673509,6.8,35.3,100,260.8119812
LSO,Lesotho,2025,2271759454.51107,971.90771824829,2337423,57.375,55.4,,90.4499969482422,47.991,16.315,6.10544624245032,1.13702239789196,34.9,44.9,57.3,122.63982391
LBR,Liberia,2025,4779300900,851.497723870206,5612817,62.163,52.6,,59.4035765513495,23.4979,2.884,8.21497439118964,78.1422342192691,92.8,35.3,32.5,103.94123077
LBY,Libya,2025,48487151215.345,6569.16408678648,7381023,69.339,15.9,,60.1599998474121,88.4989,18.758,2.12615766885025,0.123327687918433,3.1,,73.2,470.4034729
LIE,Liechtenstein,2024,8239379403.22096,206780.590353385,40450,84.8414634146342,,,,97.3444,,,41.875,56.9,,100,11494.95898438
LTU,Lithuania,2025,84869215513.3648,29384.0189598663,2888278,76.9878048780488,2.8,,99.8199996948242,88.5029,6.731,0.715735835228723,35.2301501597444,33.2,36,100,2232.47631836
LUX,Luxembourg,2025,93279851863.4062,137781.681659123,677012,83.3585365853659,2,,,98.7606,6.343,2.05113269954859,34.4538272103664,20.5,33.6,100,8169.91259766
MAC,"Macao SAR, China",2025,49467258923.3244,72004.7437020733,687000,83.1804878048781,,,96.5400009155273,89.1806,2.347,0.476384495788075,,11,,100,
MDG,Madagascar,2025,17420501490.1231,544.987501003384,31964956,63.632,44.2,,74.6900024414062,20.3671,3.041,9.87432675044888,21.2962600550017,83.1,36.8,39.4,17.44003487
MWI,Malawi,2025,11316411329.4619,522.570393642547,21655286,67.353,29.4,,70.1500015258789,17.9881,5.072,32.1796504225025,22.4406024607552,62.9,38.5,15.6,41.26664734
MYS,Malaysia,2025,422227005428.688,11874.4273684245,35557673,76.657,6.8,,95.7699966430664,98.0206,3.764,1.834100204499,57.7190381981434,7.5,40.7,100,450.33853149
MDV,Maldives,2025,7061608267.25451,13379.3513577224,527799,81.041,5,,98.2099990844727,84.6851,4.514,1.39979779674928,2.75167785234899,1.2,29.3,100,1159.02819824
MLI,Mali,2025,26794747239.8805,1094.61949265799,24478595,60.439,57.6,,35.4700012207031,35.0921,2.831,3.2063986409966,10.896663634352,71.1,35.7,54.5,33.9802475
MLT,Malta,2025,24971574502.4475,43898.5781808597,568847,83.5073170731707,4.8,,93.3099975585938,92.0727,2.896,1.65079469283109,1.4375,8.6,34.6,100,3623.4609375
MHL,Marshall Islands,2024,290108489.990234,7726.33668877794,37548,66.945,23.5,,95.8342549583425,65.7177,,,52.2222222222222,12.2,35.5,100,894.21533203
MRT,Mauritania,2025,10908045686.8808,2110.12036938187,5169395,68.484,31,,59.5299987792969,37.3809,10.319,2.49164347481972,0.287611138061512,19.6,32,50.3,92.11444092
MUS,Mauritius,2025,14937861786.17,11990.7798944837,1245779,73.4121951219512,13.5,,94.3265215627,79.5,5.635,3.6045220384796,19.4742113169755,8.6,36.8,100,616.20739746
MEX,Mexico,2025,1856365616165.94,14185.7812248529,130861007,75.069,10.8,,95.9040914864886,81.1832,2.673,4.72225588452932,33.5959176419147,13,43.5,99.7,760.98840332
FSM,"Micronesia, Fed. Sts.",2024,471425099.488675,4166.00476748564,113160,67.198,20.8,,,39.3833,,5.40874375479067,92.1571428571429,2,40.1,86.9,507.7762146
MDA,Moldova,2025,18200340853.6517,7576.19589413326,2402306,71.198,13.5,,99.3600006103516,80.2126,1.505,4.67773516007052,11.7370179167932,21.4,26.8,100,451.73007202
MCO,Monaco,2024,11125783372.4794,288001.433369041,38631,86.372,2.3,,,99.1497,,,0,,,100,8004.16845703
MNG,Mongolia,2025,23794540024.5132,6750.6301157724,3524788,72.1224390243902,11.4,,98.6399993896484,83.0162,5.233,6.20713301510303,9.09172405879304,3,31.4,100,359.60980225
MNE,Montenegro,2025,8270016670.86774,13263.3281277699,623525,77.5878048780488,2.1,,98.5299987792969,88.8826,13.572,3.33675009282281,61.4869888475836,39.6,34.3,100,1147.69787598
MAR,Morocco,2025,160610994054.734,4153.1943359375,38081173,75.313,15.5,,64.2600021362305,91,9,0.985256592004507,12.9371068787811,10.9,39.5,100,232.24751282
MOZ,Mozambique,2025,22745341305.0622,656.776824637306,34631766,63.611,45.4,,61.6778205151772,19.8434,6.628,4.07856834812022,45.8130349195046,76.9,49.6,36,52.96166611
MMR,Myanmar,2025,74068349523.8095,1359.05001560107,54500091,66.889,34.1,,93.5471293315427,58.5357,3.047,8.82506696804558,42.4023779245254,62.9,30.7,76.8,56.18909836
NAM,Namibia,2025,13372354511.716,4413.12752211572,3030131,67.385,38.4,,87.6399993896484,64.4061,19.291,4.23903922877036,7.80511120018463,30,59.1,56.7,397.09063721
NRU,Nauru,2024,162588620.632234,13609.158837552,11947,62.109,8.3,,96.5899963378906,81.6554,,-0.124750499001971,0,1.9,32.4,100,2292.37329102
NPL,Nepal,2025,42914268286.7109,1447.31004458428,29651054,70.354,23.3,,68.7099990844727,55.7716,10.465,4.6850965426577,41.5907220090687,73.7,30,94,83.96018982
NLD,Netherlands,2025,1214927698572.66,67520.4218956281,17993485,81.9146341463415,3.5,,,97.0068,3.874,3.34754304219953,11.0574428274428,12.2,25.7,100,6845.14208984
NCL,New Caledonia,2025,8548919387.12607,29213.1923192946,292639,78.766,,,96.1399993896484,82.0058,11.174,0.578317435520754,45.8271334792123,9.6,,100,
NZL,New Zealand,2025,260172385097.616,49205.1792146792,5287500,83.0048780487805,4,,,96.1638,5.076,2.92279782301957,37.7892841137822,28.9,,100,5022.03271484
NIC,Nicaragua,2025,19693982967.5926,2847.53966339498,6916140,74.947,10.3,,87.3450882346125,58.2314,5.04,4.62473841057141,25.8229183978727,50.4,46.2,88.3,216.55238342
NER,Niger,2025,19876128485.7857,735.270255787226,27032412,61.183,67.4,,35.6100006103516,23.1879,0.394,9.07151997725013,0.822957290597616,79.6,32.9,20.1,26.01301575
NGA,Nigeria,2025,252261880141.151,1084.16041805436,232679478,54.462,60.1,,70.4100036621094,39.2136,3.064,33.2420966545406,23.2078900271199,80.3,33.9,61.2,66.82009125
MKD,North Macedonia,2025,16951682245.4202,9291.85661671864,1824359,75.3160975609756,2.8,,96.129997253418,87.1819,12.256,3.48974086026947,39.7101506740682,19.5,33.5,100,639.41693115
MNP,Northern Mariana Islands,2024,1096000000,23785.754590043,44278,78.808,,,,0,,,52.9565217391304,0.5,,100,
NOR,Norway,2025,483592648313.301,86785.4334489176,5572279,83.1121951219512,1.9,,,99,4.637,3.14530134431073,33.5009745518434,61.4,26.5,100,8296.35546875
OMN,Oman,2025,107137198769.386,20285.2272897377,5281538,80.031,8.4,,97.3399963378906,95.2517,3.251,0.593589236248469,0.00762261712439418,0.1,,100,732.04089355
PAK,Pakistan,2025,371570000121.266,1478.77277977996,251269164,67.649,50.1,,58.8600006103516,27.3759,5.42,12.6325318530452,4.67242631797426,41.6,29.6,95.6,30.48608398
PLW,Palau,2024,276733062.744141,15610.8231931032,17695,69.269,19.1,,100,26.9703,,2.23172772921704,90.5434782608696,0.9,,100,1683.8458252
PAN,Panama,2025,86523959131.7472,19161.2188501596,4515577,79.594,10.6,,96.256135181795,68.5485,8.36,0.693225551004538,56.3439727689404,28,49.7,97,1557.81286621
PNG,Papua New Guinea,2025,31800428265.5246,3006.70564478923,10576502,66.134,32,,87.144148905762,24.0667,2.571,0.602403921107917,78.9541359360509,54.6,41.9,20.5,85.15021515
PRY,Paraguay,2025,44458118397.4445,6416.09708970845,6929153,73.844,15.1,,94.8600006103516,81.5781,4.803,3.83540271728533,38.5449252640128,58.8,44.2,99.8,526.5098877
PER,Peru,2025,289221969062.941,8452.37167056621,34217848,77.74,13.5,,93.6600036621094,81.9571,5.117,2.00770739412712,56.103020234375,30.6,40.1,96.2,445.52667236
PHL,Philippines,2025,461617509782.355,3984.8315387656,115843670,69.833,22.1,,98.4700012207031,83.7661,2.235,3.21260487006347,24.4600731126539,28,39.3,98,194.05484009
POL,Poland,2025,917767106146.761,25103.565661423,36559233,78.5073170731707,3.7,,98.7399978637695,88.585,2.976,3.7842600751287,31.0804192379273,15.2,28.5,100,2014.12780762
PRT,Portugal,2025,313271185085.102,29292.242104753,10694681,82.2804878048781,2.6,,94.4800033569336,88.487,6.164,2.41613187791884,36.154994891142,32.3,33.9,100,2971.03930664
PRI,Puerto Rico (US),2025,126029527033.705,39343.7154660139,3203295,81.69,,,92.3899993896484,87.2918,5.991,,56.1217587373168,2.5,,100,
QAT,Qatar,2025,219162637362.637,76688.6941743178,2857822,82.368,4.9,,97.75,99.6528,0.13,1.26734310292375,0,0,35.1,100,1804.35424805
ROU,Romania,2025,382564217988.866,20080.2096215595,19051804,76.6073170731707,5.4,,99.1600036621094,91.2905,5.992,5.72140574354439,30.1158292767733,23.6,29.8,100,1050.99755859
RUS,Russian Federation,2025,2173835806671.66,14889.0185546875,143533851,73.2546341463415,3.7,,99.9300003051758,94.365,2.133,8.43486410496723,49.7843605035639,3.5,33,100,1003.33166504
RWA,Rwanda,2025,14251642235.0968,999.65456165547,14256567,67.785,30.5,,78.7600021362305,34.2005,11.363,1.77029240198635,11.3092825293879,79.9,39.4,63.9,52.65630722
WSM,Samoa,2025,1175749785.65113,5392.87761915762,218019,71.698,12.8,,97.9899978637695,58.1386,4.996,2.17245530514377,57.636690647482,35.9,38.7,100,292.81085205
SMR,San Marino,2024,2027527227.831,59879.7173015651,33977,85.706,1.4,,99.9100036621094,87.0278,,1.24216507945569,16.6666666666667,,,100,3923.5234375
STP,Sao Tome and Principe,2025,822154621.088897,3490.56883486557,235536,69.718,9.4,,87.4400024414062,61.4607,9.132,14.3519273571008,52.125,42.5,40.7,81.3,171.05166626
SAU,Saudi Arabia,2025,1239804533333.33,35121.6628687742,35300280,78.732,4.9,,97.9300003051758,100,3.038,1.68792112375809,0.454484134921779,0.1,,100,1825.2545166
SEN,Senegal,2025,32808056600.9436,1773.21829923448,18501984,68.683,30.2,,50.3600006103516,60.6122,2.735,0.804503298792438,41.2827091881785,35.4,36.2,74.2,73.22670746
SRB,Serbia,2025,90097765959.1114,13679.2065983557,6586476,76.2209756097561,4.5,,99.3399963378906,87.6907,7.123,4.6705297488997,32.3896349149721,27.2,32.8,100,983.69372559
SYC,Seychelles,2024,2167239562.46013,17858.8226383978,121354,74.9585365853659,13.1,,93.9499969482422,87.4009,,0.311726050919668,73.2608695652174,1.9,32.1,100,766.28778076
SLE,Sierra Leone,2025,6971127235.3123,806.654650417726,8642022,61.786,56.2,,43.5800018310547,20.635,3.15,28.6337500014115,34.2988362427265,71.6,35.7,35.5,35.76205063
SGP,Singapore,2025,547386645891.847,90674.066632628,6036860,82.8951219512195,1.7,,97.6500015258789,94.3776,2.818,2.38951123595017,20.933147632312,1.1,,100,3921.60253906
SXM,Sint Maarten (Dutch part),2024,1797836665.95136,41472.5874498583,43350,76.371,,,,,,2.19201010962985,10.8823529411765,0,,100,
SVK,Slovak Republic,2025,140934076532.375,25992.6748502048,5422069,78.0170731707317,5.1,,,89.8251,5.359,2.75760909424272,40.05615640599,17.9,23.8,100,1813.46618652
SVN,Slovenia,2025,72972015197.3859,34301.0318686594,2127400,81.9780487804878,1.8,,99.5199966430664,90.7636,3.175,1.96562656432512,61.1748938389332,23.4,24.7,100,3370.53076172
SLB,Solomon Islands,2025,1583964703.75061,1933.55538435227,819198,70.528,16.5,,76.5999984741211,42.4597,1.431,4.32183948388033,90.0600214362272,50.1,37.1,81.3,111.35532379
SOM,"Somalia, Fed. Rep.",2025,11967000000,629.538899449007,19009151,58.816,67.8,,54.1199989318848,27.6,18.948,,9.16528517231485,95.4,,50.3,22.37065506
ZAF,South Africa,2025,401144998373.585,6267.186814093,64007187,66.139,24.4,,91.1500015258789,75.6592,32.391,4.36115246518962,13.965072665672,9.7,63,87.7,536.58843994
SSD,South Sudan,2024,11997800760.2242,1080.14718624765,11943408,57.617,72.6,,26.8299999237061,9.27123,12.374,91.4408220769046,11.3256215087114,32.4,44,5.4,72.75582886
ESP,Spain,2025,1725671652742.19,35326.7683069278,48848840,83.8829268292683,2.6,,99.6999969482422,95.7575,10.376,2.77417826534772,37.1925889548355,19,33.4,100,3106.62011719
LKA,Sri Lanka,2025,98963185509.6499,4515.56787322732,21916000,77.483,5.3,,92.6600036621094,51.2,4.005,-0.42936004906973,34.0048496605238,48.8,37.7,100,134.23654175
KNA,St. Kitts and Nevis,2024,1122388888.88889,23960.6534357084,46843,72.145,14.3,,,76.4208,,3.55711230848243,42.3076923076923,1.5,,100,1294.88391113
LCA,St. Lucia,2025,2549062962.96296,14181.6303351598,179744,72.697,14.3,,,70.0834,9.452,-0.110283575834694,34.0491803278688,9.7,43.7,100,641.07495117
MAF,St. Martin (French part),2024,649206262.847519,21668.3776525323,26129,80.224,,,,,,,24.8,,,100,
VCT,St. Vincent and the Grenadines,2025,1157207407.40741,11501.2265187188,100616,71.23,9.9,,95.629997253418,75.9927,18.003,3.62770736940927,73.1794871794872,5.1,,100,469.20709229
SDN,Sudan,2024,49672435513.1126,984.607666015625,50448963,66.331,39.2,,53.5200004577637,26.4383,7.53,138.80846024176,9.55196466809422,61,34.2,66,21.0830822
SUR,Suriname,2025,4416775112.09627,6961.78955961526,634431,73.631,15.2,,92.870002746582,78.3958,7.834,16.2296159130279,94.44758351333,14.5,39.2,99.6,297.04589844
SWE,Sweden,2025,603715224265.798,57117.4877440616,10569709,83.309756097561,2,,,95.5293,8.694,2.83581658224034,68.7013529108454,57.9,29.3,100,6484.76464844
CHE,Switzerland,2025,936564198048.516,103998.186685604,9005582,84.0560975609756,3.5,,,97.3444,4.873,1.06234041976595,32.3827380818297,27.7,33.8,100,11783.66992188
SYR,Syrian Arab Republic,2025,23622827079.5047,1051.67149587463,24672760,72.12,19,,94.4199981689453,34.65,13.569,13.4175653228571,2.84310842454937,1.1,26.6,88.4,33.34017944
TJK,Tajikistan,2025,14204575548.5536,1341.20229027672,10590927,71.79,22.9,,100,56.791,6.931,6.00458082322139,3.07514950644859,34.9,36.1,100,85.14702606
TZA,Tanzania,2025,78844405385.2195,1186.71691894531,68560157,66.995,29.9,,78.2099990844727,29.0638,1.572,3.05694676312373,50.0541883043576,78.3,40.5,48.3,36.25619888
THA,Thailand,2025,526517658841.684,7346.62022142185,71668011,76.412,8,,91.0999984741211,90.8672,0.781,1.36580540798037,38.6873886746658,19,33.5,100,326.50482178
TLS,Timor-Leste,2025,1865608515.41321,1331.9705130185,1400638,67.689,35.9,,72.4700012207031,34.0207,1.592,2.06284153005468,61.6610625420309,11.4,28.7,100,144.21452332
TGO,Togo,2025,10651180146.531,1119.38160509429,9515236,62.739,35.9,,72.5999984741211,37.0223,1.995,2.86262074089801,22.0700496414782,75.1,37.9,59.2,59.60503769
TON,Tonga,2025,591139749.44287,5651.59373063157,104175,72.895,8,,91.0500030517578,58.5334,2.008,3.18364611260051,12.4305555555556,2.3,27.1,100,357.54415894
TTO,Trinidad and Tobago,2025,25633544529.4849,18733.4110406494,1368333,73.49,17.2,,96.9400024414062,84.6994,3.329,0.526884625776839,44.2358674463938,0.5,40.2,98.7,1276.33862305
TUN,Tunisia,2025,51332285656.5422,4181.13789301228,12277109,76.508,10.6,,86.25,72.3542,15.108,7.20661657168794,4.55278063851699,11.6,33.7,100,317.70983887
TUR,Turkiye,2025,1359123768774.12,15892.7157287241,85518661,77.156,9.1,,97.2600021362305,87.3079,8.52,58.5064507300343,29.4795681041539,12,44.5,100,547.8145752
TKM,Turkmenistan,2025,51387209872.2994,6856.65802730208,7494498,70.073,31.2,,99.9000015258789,21.251,4.267,,8.78215904496414,0.1,40.8,100,581.38220215
TCA,Turks and Caicos Islands,2024,1745378000,37506.7798431288,46535,78.008,4,,,0,,,11.0736842105263,0.8,,100,
TUV,Tuvalu,2024,62280311.5852172,6344.7750188689,9646,67.105,17.1,,100,74.3146,,0.5005807431527,33.3333333333333,5.2,39.1,100,1723.56542969
UGA,Uganda,2025,53911907086.1525,1077.91278452817,50015092,68.252,27.6,,79.0582329588683,8.94983,2.746,3.3233806708656,11.0419703770197,90.9,42.7,51.5,45.21318436
UKR,Ukraine,2024,190741262414.705,5389.47314453125,37860221,73.422,7.8,,99.4300003051758,82.3755,9.834,6.50198464669254,16.7552640662755,8.9,25.6,100,369.90487671
ARE,United Arab Emirates,2025,552324846834.581,50273.5060469837,10986400,82.909,4,,98.8099975585938,100,2.174,1.66336510224894,4.46775556181357,1,26.4,100,2401.52026367
GBR,United Kingdom,2025,3686033044482.13,53246.3676145108,69226000,81.2380975609756,4,,,96.2988,4.746,3.2715729463592,13.2907130161617,12.2,32.4,100,5860.23925781
USA,United States,2025,28750956130731.2,84534.0407841548,340110988,78.3853658536585,5.5,,,93.1444,4.198,2.94952520485207,33.8669264120375,10.9,41.8,100,13473.19335938
URY,Uruguay,2025,80961511073.5797,23906.5133029408,3386588,78.138,5.5,,98.9100036621094,91.9911,7.516,4.84914366613156,11.9643469317792,57.8,40,100,2076.09423828
UZB,Uzbekistan,2025,114965293466.611,3161.70010632875,36361859,72.388,12.7,,100,89.0136,4.622,9.62825465956682,8.54914331101781,1,34.6,100,192.11869812
VUT,Vanuatu,2025,1117972034.22642,3410.77023167097,327777,71.477,14.2,,87.9599990844727,45.7313,5.073,11.1825017088175,36.2838392124692,25,32.3,61.6,143.43753052
VEN,"Venezuela, RB",2025,119802963257.783,4217.59102643391,28405543,72.514,21.5,,97.1867494381301,61.6,5.307,254.948534781816,52.2338793719177,33.7,44.7,100,185.99124146
VNM,Viet Nam,2025,476388230307.175,4717.29028732449,100987686,74.588,14,,96.129997253418,84.15,1.523,3.62109273885843,47.4454820708996,24.2,36.1,99.8,197.19210815
VIR,Virgin Islands (U.S.),2025,4672000000,44320.909185774,104377,80.519512195122,,,,64.3775,11.443,,58.1714285714286,5.9,,100,
PSE,West Bank and Gaza,2024,13711100000,2592.30591217647,5289152,65.17,14.3,,97.9449803653341,86.6377,24.42,53.6691458303782,1.68298755186722,15.4,36.4,100,345.67965698
YEM,"Yemen, Rep.",2025,21606160663.0318,633.887202451545,40583164,69.295,34.7,,37.0900001525879,13.8152,17.322,8.10472583623915,1.03983180862549,3.7,36.7,83.6,47.78109741
ZMB,Zambia,2025,25303185342.2511,1187.10943350064,21314956,66.349,30.9,,82.0418064991238,33,5.918,14.9856262747939,59.523784150984,83,51.5,51.1,79.55635071
ZWE,Zimbabwe,2025,41539411516.4448,2497.20332208763,16634373,62.775,40.6,,93.2300033569336,38.4266,9.293,104.705170628667,44.7366421093447,82.4,50.3,62,62.92946243
